-- phpMyAdmin SQL Dump
-- version 5.2.0
-- https://www.phpmyadmin.net/
--
-- Host: 127.0.0.1
-- Generation Time: Nov 02, 2022 at 06:30 AM
-- Server version: 10.4.24-MariaDB
-- PHP Version: 8.0.19

SET SQL_MODE = "NO_AUTO_VALUE_ON_ZERO";
START TRANSACTION;
SET time_zone = "+00:00";


/*!40101 SET @OLD_CHARACTER_SET_CLIENT=@@CHARACTER_SET_CLIENT */;
/*!40101 SET @OLD_CHARACTER_SET_RESULTS=@@CHARACTER_SET_RESULTS */;
/*!40101 SET @OLD_COLLATION_CONNECTION=@@COLLATION_CONNECTION */;
/*!40101 SET NAMES utf8mb4 */;

--
-- Database: `pustaka`
--

-- --------------------------------------------------------

--
-- Table structure for table `buku`
--

CREATE TABLE `buku` (
  `id` int(11) NOT NULL,
  `judul_buku` varchar(128) NOT NULL,
  `id_kategori` int(11) NOT NULL,
  `pengarang` varchar(64) NOT NULL,
  `penerbit` varchar(64) NOT NULL,
  `tahun_terbit` year(4) NOT NULL,
  `isbn` varchar(64) NOT NULL,
  `stok` int(11) NOT NULL,
  `dipinjam` int(11) NOT NULL,
  `dibooking` int(11) NOT NULL,
  `image` varchar(256) NOT NULL
) ENGINE=InnoDB DEFAULT CHARSET=latin1;

--
-- Dumping data for table `buku`
--

INSERT INTO `buku` (`id`, `judul_buku`, `id_kategori`, `pengarang`, `penerbit`, `tahun_terbit`, `isbn`, `stok`, `dipinjam`, `dibooking`, `image`) VALUES
(1, 'Statistika dengan Program Komputer', 1, 'Ahmad Kholiqul Amin', 'Deep Publish', 2014, '9786022809432', 6, 1, 1, ''),
(2, 'Mudah Belajar Komputer untuk Anak', 1, 'Bambang Agus Setiawan', 'Huta Media', 2014, '9786025118500', 5, 3, 1, ''),
(5, 'PHP Komplet', 1, 'Jubilee', 'Elex Media Komputerindo', 2017, '8346753547', 5, 1, 1, ''),
(10, 'Detektif Conan Ep 200', 9, 'Okigawa Sasuke', 'Cultura', 2016, '874387583987', 5, 0, 0, ''),
(14, 'Bahasa Indonesia', 2, 'Umri Nur\'aini dan Indriyani', 'Pusat Perbukuan', 2015, '757254724884', 3, 0, 0, ''),
(15, 'Komunikasi Lintas Budaya ', 5, 'Dr. Dedy Kurnia', 'Published ', 2015, '878674646488', 5, 0, 0, ''),
(16, 'Kolaborasi Codeigniter dan Ajax dalam Perancangan ', 1, 'Anton Subagia ', 'Elex MEdia Komputerindo', 2017, '43345356577', 5, 0, 0, ''),
(17, 'From Hobby to Money ', 4, 'Deasylawati', 'Elex Media Komputerindo', 2015, '879968686787879', 5, 0, 0, ''),
(18, 'Buku Saku Pramuka', 8, 'Rudi Himawan', 'Pusat Perbukuan', 2016, '97868687978796', 6, 0, 0, ''),
(19, 'Rahasia Keajaiban Bumi', 3, 'Nurul Ihsan', 'Luxima', 2014, '565756565768868', 5, 0, 0, '');

-- --------------------------------------------------------

--
-- Table structure for table `kategori`
--

CREATE TABLE `kategori` (
  `id_kategori` int(5) NOT NULL,
  `nama_kategori` varchar(45) NOT NULL
) ENGINE=InnoDB DEFAULT CHARSET=latin1;

--
-- Dumping data for table `kategori`
--

INSERT INTO `kategori` (`id_kategori`, `nama_kategori`) VALUES
(1, 'Komputer'),
(2, 'Bahasa'),
(3, 'Sains'),
(4, 'Hobby'),
(5, 'Komunikasi'),
(6, 'Hukum'),
(7, 'Agama'),
(8, 'Populer'),
(9, 'Komik');

-- --------------------------------------------------------

--
-- Table structure for table `role`
--

CREATE TABLE `role` (
  `id` int(11) NOT NULL,
  `role` varchar(128) NOT NULL
) ENGINE=InnoDB DEFAULT CHARSET=latin1;

--
-- Dumping data for table `role`
--

INSERT INTO `role` (`id`, `role`) VALUES
(1, 'administrasi'),
(2, 'member');

-- --------------------------------------------------------

--
-- Table structure for table `siswa`
--

CREATE TABLE `siswa` (
  `id` int(128) NOT NULL,
  `nama` text NOT NULL,
  `nis` varchar(225) NOT NULL,
  `kelas` varchar(225) NOT NULL,
  `tgllahir` date NOT NULL,
  `tmplahir` text NOT NULL,
  `alamat` text NOT NULL,
  `jnskel` varchar(225) NOT NULL,
  `agama` varchar(225) NOT NULL
) ENGINE=InnoDB DEFAULT CHARSET=utf8mb4;

--
-- Dumping data for table `siswa`
--

INSERT INTO `siswa` (`id`, `nama`, `nis`, `kelas`, `tgllahir`, `tmplahir`, `alamat`, `jnskel`, `agama`) VALUES
(3, 'WIDYA BELLA', '12210223', '12.2A.35', '2001-08-04', 'Brebes', 'DESA WANGANDALEM GANG ARJUNA 4 NO. 45 RT 002/RW 002', 'Perempuan', 'Islam'),
(13, 'aaaa', '234234', '23423', '0000-00-00', '2342342', '234234', 'Perempuan', 'Kristen');

-- --------------------------------------------------------

--
-- Table structure for table `user`
--

CREATE TABLE `user` (
  `id` int(11) NOT NULL,
  `nama` varchar(128) NOT NULL,
  `email` varchar(128) NOT NULL,
  `image` varchar(128) NOT NULL,
  `password` varchar(256) NOT NULL,
  `role_id` int(11) NOT NULL,
  `is_active` int(1) NOT NULL,
  `tanggal_input` int(11) NOT NULL
) ENGINE=InnoDB DEFAULT CHARSET=latin1;

--
-- Indexes for dumped tables
--

--
-- Indexes for table `buku`
--
ALTER TABLE `buku`
  ADD PRIMARY KEY (`id`);

--
-- Indexes for table `kategori`
--
ALTER TABLE `kategori`
  ADD PRIMARY KEY (`id_kategori`);

--
-- Indexes for table `role`
--
ALTER TABLE `role`
  ADD PRIMARY KEY (`id`);

--
-- Indexes for table `siswa`
--
ALTER TABLE `siswa`
  ADD PRIMARY KEY (`id`);

--
-- Indexes for table `user`
--
ALTER TABLE `user`
  ADD PRIMARY KEY (`id`);

--
-- AUTO_INCREMENT for dumped tables
--

--
-- AUTO_INCREMENT for table `buku`
--
ALTER TABLE `buku`
  MODIFY `id` int(11) NOT NULL AUTO_INCREMENT, AUTO_INCREMENT=20;

--
-- AUTO_INCREMENT for table `kategori`
--
ALTER TABLE `kategori`
  MODIFY `id_kategori` int(5) NOT NULL AUTO_INCREMENT, AUTO_INCREMENT=10;

--
-- AUTO_INCREMENT for table `role`
--
ALTER TABLE `role`
  MODIFY `id` int(11) NOT NULL AUTO_INCREMENT, AUTO_INCREMENT=3;

--
-- AUTO_INCREMENT for table `siswa`
--
ALTER TABLE `siswa`
  MODIFY `id` int(128) NOT NULL AUTO_INCREMENT, AUTO_INCREMENT=14;
COMMIT;

/*!40101 SET CHARACTER_SET_CLIENT=@OLD_CHARACTER_SET_CLIENT */;
/*!40101 SET CHARACTER_SET_RESULTS=@OLD_CHARACTER_SET_RESULTS */;
/*!40101 SET COLLATION_CONNECTION=@OLD_COLLATION_CONNECTION */;
